{
  "Total" : {
    "transaction" : "Total",
    "sampleCount" : 100,
    "errorCount" : 100,
    "errorPct" : 100.0,
    "meanResTime" : 15.050000000000002,
    "medianResTime" : 2.0,
    "minResTime" : 1.0,
    "maxResTime" : 65.0,
    "pct1ResTime" : 64.0,
    "pct2ResTime" : 65.0,
    "pct3ResTime" : 65.0,
    "throughput" : 123.00123001230013,
    "receivedKBytesPerSec" : 104.1426429889299,
    "sentKBytesPerSec" : 15.25503536285363
  },
  "GET /api/product" : {
    "transaction" : "GET /api/product",
    "sampleCount" : 100,
    "errorCount" : 100,
    "errorPct" : 100.0,
    "meanResTime" : 15.050000000000002,
    "medianResTime" : 2.0,
    "minResTime" : 1.0,
    "maxResTime" : 65.0,
    "pct1ResTime" : 64.0,
    "pct2ResTime" : 65.0,
    "pct3ResTime" : 65.0,
    "throughput" : 123.00123001230013,
    "receivedKBytesPerSec" : 104.1426429889299,
    "sentKBytesPerSec" : 15.25503536285363
  }
}